genes_names,lfc_cluster3
TP53I3,0.4567167383408765
MTHFD2,-0.4705244301886927
ARL4C,0.4994950539054225
SAT1,0.39365936190507106
NEAT1,0.48650397891918556
C1QBP,-0.2283055892875471
SNRPB,-0.27691341589852847
RPL13A,0.06619794299520174
ATF4,-0.2947942251137089
